{"type": "block", "layer": 1, "block": 0, "features": [{"geom": {"lines": [[-51.3935300251469, 462.5486767720431, 306.36262207031245, -80.90432703401893, 456.78314369451255, 307.2698150634765, -103.00124595593661, 452.46670418046415, 307.9051513671875, -146.24886812921613, 427.18474187888205, 308.5656311035156, -222.73649025335908, 374.9098799414933, 308.350064086914, -285.30917602870613, 340.19373906124383, 309.1552307128906, -372.0715871527791, 294.1935121770948, 309.5534454345703, -380.19790998101234, 287.5185653483495, 309.38893432617186, -433.2639112416655, 243.93883494380862, 308.0966430664062, -488.4783786749467, 206.4946538200602, 311.7484649658203, -521.8185661686584, 175.49425499234349, 314.21658020019527, -546.2309304988012, 138.697795544751, 314.9075225830078, -606.7330737449229, 98.27889622468501, 317.0207885742187, -620.9931005155668, 76.74380367901176, 316.3779327392578, -646.451868060045, 8.454615937545896, 312.19562072753905, -683.7438974753022, -45.17439387086779, 308.1208038330078, -796.0318678384647, -169.60359403397888, 304.7891174316406, -831.1086393883452, -200.98809737991542, 0.0, -875.2022896921262, -240.4343820558861, 0.0, -900.5608696937561, -268.0266418782994, 0.0, -935.8602802241221, -313.56139735877514, 0.0, -972.5289204921573, -395.31992003973573, 0.0, -991.1526713017374, -457.06993760354817, 0.0, -1014.71900750231, -507.33593465201557, 0.0, -1047.9144796570763, -545.4244607575238, 0.0, -1061.495457533747, -561.0081871133298, 0.0, -1150.9406683864072, -627.5971068870276, 0.0, -1197.3831599447876, -665.0685769272968, 0.0, -1253.822141777724, -719.2485697828233, 0.0, -1276.4081915076822, -747.3461272558197, 0.0]]}, "mtl": {"idx": 0}}, {"geom": {"lines": [[-1005.6039443202317, -1276.4081915076822, 0.0, -987.9244060683995, -1232.902245875448, 0.0, -966.1057858727872, -1187.0021152570844, 0.0, -946.1684650722891, -1161.801644177176, 0.0, -921.3442186256871, -1144.8779864134267, 0.0]]}, "mtl": {"idx": 0}}, {"geom": {"lines": [[-1276.4081915076822, -1035.6244788970798, 0.0, -1276.3754706121981, -1035.5824686745182, 0.0, -1207.413046065718, -933.2217490142211, 0.0, -1173.6609764574096, -888.4761475427076, 0.0, -1172.1915591787547, -872.3226700406522, 0.0]]}, "mtl": {"idx": 0}}, {"geom": {"lines": [[-1145.9758190969005, -499.84460748080164, 0.0, -1185.50537027698, -546.6730095371604, 0.0, -1193.809804290533, -546.6730095371604, 0.0, -1258.1969977654517, -515.937080563046, 0.0, -1276.4081915076822, -511.0759144127369, 0.0]]}, "mtl": {"idx": 0}}, {"geom": {"lines": [[-1172.1915591787547, -872.3226700406522, 0.0, -1182.4663481786847, -837.4723707698286, 0.0, -1200.800668313168, -812.902907691896, 0.0, -1243.7254639621824, -790.1522047128528, 0.0, -1276.4081915076822, -751.3274077698588, 0.0]]}, "mtl": {"idx": 0}}, {"geom": {"lines": [[-1061.495457533747, -561.0081871133298, 0.0, -1079.518083093688, -545.1161770829931, 0.0, -1145.9758190969005, -499.84460748080164, 0.0, -1162.5846871230751, -478.2492043543607, 0.0, -1172.5589134981856, -445.01592272426933, 0.0, -1192.496234299615, -423.83657964039594, 0.0, -1197.8952296022326, -405.9712880793959, 0.0, -1185.0155645180494, -369.4236338334158, 0.0, -1186.6742249308154, -330.79487175121903, 0.0, -1190.4145598215982, -288.420197609812, 0.0, -1185.4274466335773, -258.0996037181467, 0.0, -1179.6165692145005, -243.97976084519178, 0.0, -1162.1728050075471, -236.08743750303984, 0.0, -1128.9439370054752, -227.36271282471716, 0.0, -1086.1638566935435, -195.39253805670887, 0.0]]}, "mtl": {"idx": 0}}, {"geom": {"lines": [[-1123.9568238174543, -158.01164829637855, 0.0, -1086.1638566935435, -195.39253805670887, 0.0, -1040.0553236072883, -234.43806439079344, 0.0, -1023.8583376957104, -237.3360281707719, 0.0, -997.6871254108846, -227.36271282471716, 0.0, -969.0334884803742, -203.2848962303251, 0.0, -949.5080497954041, -197.45811682567, 0.0, -929.158846879378, -208.68005906324834, 0.0, -875.2022896921262, -240.4343820558861, 0.0]]}, "mtl": {"idx": 0}}, {"geom": {"lines": [[-1112.5131801646203, -300.6285631302744, 0.0, -1102.0268841320649, -280.2812782814726, 0.0, -1087.2325238054618, -261.78370763733983, 0.0, -1067.506710037589, -250.70056211482733, 0.0, -1052.7012177612633, -241.45175176113844, 0.0, -1040.0553236072883, -234.43806439079344, 0.0]]}, "mtl": {"idx": 0}}, {"geom": {"lines": [[-829.8729930398986, -992.3324673492461, 0.0, -838.2776145944372, -1008.162053023465, 0.0, -853.1165027180687, -1011.6146562201902, 0.0, -883.7738904822618, -1021.5100564369932, 0.0, -897.7444865778089, -1040.3914370480925, 0.0, -902.0748147694394, -1046.2330971760675, 0.0, -923.3368375105783, -1070.4628458581865, 0.0, -957.4673933880404, -1096.6808418957517, 0.0, -1075.6664287121966, -1213.882541835308, 0.0]]}, "mtl": {"idx": 0}}, {"geom": {"lines": [[-1047.9144796570763, -545.4244607575238, 0.0, -1039.7547609824687, -559.5592561997473, 0.0, -1019.4166900143027, -594.7034737467766, 0.0, -1013.861847423017, -611.3506879396737, 0.0, -987.968933865428, -634.163488207385, 0.0, -954.0610169693828, -620.5991272814572, 0.0, -939.2666566427797, -603.3353663394228, 0.0]]}, "mtl": {"idx": 0}}, {"geom": {"lines": [[-921.3442186256871, -1144.8779864134267, 0.0, -794.9409368289635, -1068.8906885236502, 0.0, -752.4280232964084, -1031.6366465995088, 0.0, -713.5663890596479, -981.5892958687618, 0.0, -704.438190815039, -969.0427354248241, 0.0, -653.7321627577767, -899.4043906060979, 0.0, -631.3346812110394, -868.6388100450858, 0.0, -601.3674742886797, -827.4842907907441, 0.0, -588.6325245425105, -809.9897110536695, 0.0, -571.0440449966118, -784.4182788450271, 0.0, -486.3633083505556, -661.2767362045124, 0.0, -429.91319456975907, -585.1621402101591, 0.0, -420.13934327755123, -571.1044547194615, 0.0, -329.6032014153898, -440.9773617852479, 309.88039550781247, -270.26991282217205, -355.7047384567559, 310.35692443847654, -260.5962490728125, -340.42895565368235, 310.38898925781245, -180.40168790519238, -213.8285829378292, 309.8405548095703, -170.23821839503944, -197.79724165424705, 309.69706420898433, -92.13646365515888, -98.18649453297257, 308.8686126708984, -69.23804439883679, -74.94074903707951, 308.6914978027344, -44.79228422045708, -55.132491279393435, 308.3215881347656, 22.689591098576784, -9.442308763042092, 307.72829284667966, 33.220414927229285, -3.9853689959272742, 307.73632507324214, 43.372752487659454, 1.2865928299725056, 307.7444427490234, 94.00085690058768, 27.55395632609725, 307.79272155761714, 288.97694502491504, 108.76127872616053, 307.9441375732422, 426.75707877986133, 166.1525341598317, 0.0, 444.4012180706486, 175.23219338804483, 0.0, 580.0106217544526, 233.25589744746685, 0.0, 716.2434145873412, 291.5420315656811, 0.0, 806.2452228944749, 330.034822024405, 0.0, 994.4753498760983, 411.07523498963565, 0.0, 1010.5053565502167, 417.88901341706514, 0.0]]}, "mtl": {"idx": 0}}, {"geom": {"lines": [[-704.438190815039, -969.0427354248241, 0.0, -734.4165296852589, -993.8121571326628, 0.0, -783.3859736844897, -1033.3783573331311, 0.0, -789.2413789015263, -1036.4456170294434, 0.0, -839.2683580638841, -1062.555816550739, 0.0]]}, "mtl": {"idx": 0}}, {"geom": {"lines": [[-838.2776145944372, -1008.162053023465, 0.0, -789.2413789015263, -1036.4456170294434, 0.0]]}, "mtl": {"idx": 0}}, {"geom": {"lines": [[-831.1086393883452, -200.98809737991542, 0.0, -815.3457994917408, -222.95410322025418, 0.0, -786.9927251869813, -233.43610861618072, 304.5108306884765, -692.6605886891484, -187.19187748711556, 304.71242675781247]]}, "mtl": {"idx": 0}}, {"geom": {"lines": [[-797.5124170668423, -998.7752815457061, 0.0, -800.1952167944983, -1005.1872644098476, 0.0, -829.8729930398986, -992.3324673492461, 0.0, -802.6665094895288, -932.9905459815636, 0.0]]},