{"type": "block", "layer": 3, "block": 7, "features": [{"geom": {"polygons": [[[[225.43577968049794, 523.8577902875841], [218.75661023240536, 533.4156973697245], [233.77360954042524, 543.9139905991033], [240.4527789875865, 534.3560726344585], [225.43577968049794, 523.8577902875841]]]], "centroids": [[229.6046953778714, 533.8858886631206, 303.49257507324216]], "h": 10.5}, "mtl": {"idx": 0, "edge": 127}}, {"geom": {"polygons": [[[[207.33523047715425, 465.4468605360016], [204.98638922069222, 471.6594596542418], [195.20140598062426, 467.97506413888186], [192.16238388139755, 476.00673993863165], [220.4597984412685, 486.7053746134043], [225.84766179602593, 472.4456697674468], [207.33523047715425, 465.4468605360016]]]], "centroids": [[210.3803131636232, 475.5621678773314, 304.1277191162109]], "h": 10.5}, "mtl": {"idx": 0, "edge": 132}}, {"geom": {"polygons": [[[[152.04283939953893, 365.537125649862], [146.55478850379586, 370.8247144818306], [154.62545158620924, 379.1800359617919], [160.10237053316087, 373.8924423372373], [152.04283939953893, 365.537125649862]]]], "centroids": [[153.33035190962255, 372.35814110562205, 304.9808441162109]], "h": 10.5}, "mtl": {"idx": 0, "edge": 2}}], "featureCount": 3, "startIndex": 350}